{
  "id": "b82dd9c0-0400-4f11-b56a-6ed0c008b634",
  "generation": 1,
  "iteration": 2,
  "timestamp": 1773291902.7564092,
  "parent_id": "bf2829d3-dd45-4e5c-9970-290f15773b1e",
  "metrics": {
    "runs_successfully": 1.0,
    "value_score": 0.9996600755964793,
    "distance_score": 0.9954361216562118,
    "combined_score": 1.4976913114426547,
    "reliability_score": 1.0
  },
  "language": "python",
  "saved_at": 1773291909.472206
}