{
  "id": "5ca66e65-3577-4c13-b125-8ddc4382bb2e",
  "generation": 0,
  "iteration": 0,
  "timestamp": 1773296466.149804,
  "parent_id": null,
  "metrics": {
    "runs_successfully": 1.0,
    "value_score": 0.9417587299889709,
    "distance_score": 0.7565915427363771,
    "combined_score": 1.2147685971231066
  },
  "language": "python",
  "saved_at": 1773296490.441016
}