{
  "id": "fd185be8-3844-4476-952f-c2ec52939228",
  "generation": 0,
  "iteration": 0,
  "timestamp": 1773292437.885073,
  "parent_id": null,
  "metrics": {
    "runs_successfully": 1.0,
    "value_score": 0.9417587299889709,
    "distance_score": 0.7565915427363771,
    "combined_score": 1.2147685971231066
  },
  "language": "python",
  "saved_at": 1773292501.359761
}